<?xml version="1.0" encoding="utf-8"?>
<extension type="component" version="3.2.0" method="upgrade">
 
	<name>vereinonline</name>
	<!-- The following elements are optional and free of formatting constraints -->
	<creationDate>08.06.2017</creationDate>
	<author>Sven Baer</author>
	<authorEmail>sven.baer@outlook.de</authorEmail>
	<authorUrl>https://sommf.de/</authorUrl>
	<copyright>Copyright Info</copyright>
	<license>License Info</license>
	<!--  The version string is recorded in the components table -->
	<version>0.0.5</version>
	<!-- The description is optional and defaults to the name -->
	<description>Anzeige des Kalenders</description>
 
    <!-- Site Main File Copy Section -->
	<!-- Note the folder attribute: This attribute describes the folder
		to copy FROM in the package to install therefore files copied
		in this section are copied from /site/ in the package -->
	<files folder="site">
		<filename>index.html</filename>
		<filename>vereinonline.php</filename>
		<filename>controller.php</filename>
		<folder>views</folder>
		<folder>models</folder>
	</files>

	<administration>
		
	</administration>
</extension>